,mean,median
Predator.Mass.g,15238.5023651609,1750
Prey.Mass.g,28.4121810691878,1.49
Predator.Mass/Prey.Mass,55169.364832823,1231.48148148148
